n_videos,horizons.1.forecast_l1,horizons.1.forecast_cos,horizons.1.persistence_l1,horizons.1.persistence_cos,horizons.1.n,horizons.2.forecast_l1,horizons.2.forecast_cos,horizons.2.persistence_l1,horizons.2.persistence_cos,horizons.2.n,horizons.3.forecast_l1,horizons.3.forecast_cos,horizons.3.persistence_l1,horizons.3.persistence_cos,horizons.3.n,horizons.4.forecast_l1,horizons.4.forecast_cos,horizons.4.persistence_l1,horizons.4.persistence_cos,horizons.4.n,horizons.5.forecast_l1,horizons.5.forecast_cos,horizons.5.persistence_l1,horizons.5.persistence_cos,horizons.5.n,horizons.6.forecast_l1,horizons.6.forecast_cos,horizons.6.persistence_l1,horizons.6.persistence_cos,horizons.6.n,horizons.7.forecast_l1,horizons.7.forecast_cos,horizons.7.persistence_l1,horizons.7.persistence_cos,horizons.7.n,horizons.8.forecast_l1,horizons.8.forecast_cos,horizons.8.persistence_l1,horizons.8.persistence_cos,horizons.8.n,horizons.9.forecast_l1,horizons.9.forecast_cos,horizons.9.persistence_l1,horizons.9.persistence_cos,horizons.9.n,horizons.10.forecast_l1,horizons.10.forecast_cos,horizons.10.persistence_l1,horizons.10.persistence_cos,horizons.10.n,sweep,cell
200,0.02421899811597541,0.1223758129402995,0.011472891346784309,0.028548764623701574,320,0.03510572041074435,0.25435585528612137,0.012338421621825546,0.03284145593643188,120,0.04030029932036996,0.3327653855085373,0.012156594695989042,0.03232021778821945,40,0.045214955662858894,0.41768624248175784,0.012326171942825976,0.03465553604323288,29,0.048731575218530804,0.48372162649264705,0.012144423537672712,0.03337372266329252,26,0.05153332200522224,0.5389766531685988,0.01274124333091701,0.03597123175859451,24,0.05376794256947257,0.5845324938947504,0.01279627861963077,0.03637437657876448,22,0.05564758311957121,0.6250513687729835,0.013040179153904319,0.037381377816200254,20,0.05712187828289138,0.6577796133028136,0.012591894716024399,0.03453101052178277,18,0.05844247224740684,0.6882905559614301,0.012965905974851921,0.03773362562060356,16,C1_shuffled_time,shuffled
200,0.04185111011029221,0.35574839347973464,0.013534441091178451,0.039644807763397696,320,0.04566453363125523,0.42500835632284484,0.014554732424827913,0.045752624173959096,120,0.047106089908629654,0.46743163242936137,0.014302490337286144,0.04561504274606705,40,0.04998559427672419,0.5318682779525888,0.01472365173736009,0.048746291933388544,29,0.05281576413947802,0.5929678288789896,0.014635968989191147,0.04829139892871563,26,0.05571174637104074,0.654751551647981,0.015070762524070839,0.051284633576869965,24,0.057914591479030525,0.7066524929621003,0.015338159039277922,0.052291794256730514,22,0.05990673005580902,0.7546232499182224,0.01541523216292262,0.0532389372587204,20,0.06162620915306939,0.7952710522545708,0.015133177085469166,0.050875710116492376,18,0.0638817367143929,0.848349227104336,0.01583495334489271,0.05645991116762161,16,C1_shuffled_time,true
200,0.04645424238406122,0.21947526056319475,0.024911057768622413,0.06675279699265957,320,0.054678854749848446,0.29963973065217336,0.02672549117511759,0.0768725593884786,120,0.06055380702018738,0.36257256343960764,0.02570776774082333,0.07340613007545471,40,0.06899034861346771,0.4774078942578414,0.02567567470772513,0.07580972334434247,29,0.07726509267321,0.6143748978009591,0.025974069113055102,0.0752837795477647,26,0.08653469445804755,0.7654110565781593,0.02673063854066034,0.07984804113705952,24,0.09342255240136926,0.890371874821457,0.02693599716506221,0.08137009631503712,22,0.09744586423039436,0.9701541414484381,0.02698711510747671,0.08086625933647155,20,0.1004988124801053,1.019146039771537,0.02621196210384369,0.07799837324354383,18,0.10239282390102744,1.0587116979877464,0.027199297095648944,0.08464373275637627,16,S1_dim,d128
200,0.043596920964773744,0.38167521432042123,0.014285656559513882,0.04366879463195801,320,0.04763965147236983,0.45418730402986207,0.015387464105151594,0.05049889733393987,120,0.05034973546862602,0.4990550257265568,0.015176811860874296,0.05011112093925476,40,0.05407764993864914,0.5808305915059715,0.015524341114636126,0.05411674853028922,29,0.057973153029496856,0.6703467563940928,0.015693096085809745,0.053721911632097684,26,0.06141259133194884,0.7627111878246069,0.01606481894850731,0.056902567545572914,24,0.06452644091438163,0.8429323651573875,0.016012172299352558,0.056874752044677734,22,0.06666459776461124,0.9049024924635887,0.016268958756700157,0.057722118496894834,20,0.06819560958279504,0.9497401613431672,0.01595535237963001,0.05509533153639899,18,0.06938597653061152,0.9862210475839674,0.01656351372366771,0.06043587625026703,16,S1_dim,d256
200,0.07420517719583586,0.1386695995926857,0.038307218835689126,0.03996130246669054,320,0.10559454895555972,0.27044011106093724,0.04114046326527993,0.04490092595418294,120,0.1265836637467146,0.4054968774318695,0.03803734146058559,0.04001732617616653,40,0.1427760679146339,0.5377251742214992,0.03858199433006089,0.04039258792482574,29,0.15703721745656088,0.6507214365097193,0.03730820635190377,0.03761170689876263,26,0.16850963979959488,0.7411888428032398,0.039801495925833784,0.04238321632146835,24,0.17558339373631912,0.8003037104552443,0.039993508803573524,0.043476069515401665,22,0.18229987770318984,0.839270020276308,0.04032338876277208,0.044049879908561705,20,0.1863590743806627,0.8672747450570265,0.03842512901044554,0.03958993487887912,18,0.19040488824248314,0.8886736682616174,0.04024730122182518,0.04340376332402229,16,S1_dim,d32
200,0.03134504746994935,0.4055392757989466,0.010317431428120472,0.04524454083293676,320,0.03453511741633217,0.4866854486366113,0.01108465351862833,0.05200445155302683,120,0.03638482932001352,0.534963820129633,0.010756544454488903,0.0501504510641098,40,0.038733510364746225,0.6019800716433031,0.010949651180798638,0.05305151898285438,29,0.040592485752243265,0.6607072708698419,0.010959531162650539,0.0525038677912492,26,0.042226249972979225,0.7156608092288176,0.01126235614841183,0.055482931435108185,24,0.043425621803511276,0.7590000053698366,0.011291495693678206,0.05567221208052202,22,0.04438215009868145,0.7955078825354576,0.011522322450764478,0.05703366994857788,20,0.045098222585188016,0.8265395044452615,0.011190025446315607,0.05429324507713318,18,0.04597642715089023,0.8595070485025644,0.011723648378392681,0.05959346517920494,16,S1_dim,d512
200,0.06866702592233195,0.23613293431699275,0.032648854661965744,0.0567932577803731,320,0.0796660864725709,0.31117844581604004,0.03520454298704863,0.0657038485010465,120,0.08766975235193968,0.3692850679159164,0.03365718838758767,0.06264989376068116,40,0.10011556153667384,0.4763430552235965,0.03380680912784461,0.06352179420405421,29,0.11360281476607689,0.6030993243822684,0.033261372349583186,0.06099859797037565,26,0.12522773568828902,0.7296477146446705,0.03471088316291571,0.06673414011796315,24,0.13365222175012936,0.8291387605396184,0.03552920041097836,0.06835764917460355,22,0.13842682987451554,0.8960810132324696,0.035610572714358565,0.06805559992790222,20,0.1411472103661961,0.9338131410380205,0.03510098407665888,0.06704699993133545,18,0.14329240377992392,0.9548291832907125,0.03659491578582674,0.07151485607028008,16,S1_dim,d64
200,0.00028823617665238996,2.1199509501457214e-05,0.000287593884877424,2.125706523656845e-05,320,0.00031926404881232884,2.5685628255208334e-05,0.00031661335694176763,2.5283296902974447e-05,120,0.00036520193971227853,3.266185522079468e-05,0.0003438922027271474,2.8002262115478516e-05,40,0.00040456969170542115,3.83566165792531e-05,0.0003391827114432215,2.7239322662353516e-05,29,0.00045121832338806527,4.741320243248573e-05,0.0003703013286352731,3.13566281245305e-05,26,0.0004886737424385501,5.713353554407755e-05,0.00039207083379248314,3.578265508015951e-05,24,0.0005099476666972888,6.285580721768466e-05,0.00040355650840369475,3.609874031760476e-05,22,0.0005156339575478341,6.454885005950928e-05,0.0003539597302733455,2.9209256172180176e-05,20,0.0005469714661659156,7.371438874138726e-05,0.00035551725725074194,3.070963753594292e-05,18,0.0005829073106724536,7.87973403930664e-05,0.00032738540721766185,2.4635344743728638e-05,16,S2_lambda_u,u0000
200,0.021608401829143985,0.10053613483905792,0.018222269245598,0.07350746579468251,320,0.026713965840948126,0.15196684549252193,0.019059143669437617,0.08045825511217117,120,0.028358440496958792,0.16760419607162474,0.017360491422005,0.06659583896398544,40,0.030805490461402928,0.19863589467673465,0.01782564247219727,0.07033698312167463,29,0.03298046511526291,0.22751280894646278,0.016569912290343873,0.060636976590523355,26,0.03514318742478887,0.25697463750839233,0.017887554170253377,0.06949227303266525,24,0.03715666061775251,0.2858989861878482,0.018478628374974836,0.07460214874961159,22,0.03868833966553211,0.3099607080221176,0.018276178603991867,0.0723854273557663,20,0.04067616516517268,0.3430131839381324,0.017599591260982886,0.06871258881356981,18,0.04295222135260701,0.37908901646733284,0.018133509147446603,0.0720110610127449,16,S2_lambda_u,u0010
200,0.04319891818449832,0.3740347811952233,0.014296920789638535,0.04350472129881382,320,0.04671874064952135,0.4377556043366591,0.01535517533775419,0.050222287078698476,120,0.04857645723968744,0.47455128505825994,0.014954991126433014,0.04896125644445419,40,0.05157677713653137,0.5342442352196266,0.015278214267615614,0.05241771813096671,29,0.05411834155137722,0.5929223619974576,0.015312171791895078,0.05219412308472853,26,0.05661570327356458,0.6520705434183279,0.01574309143082549,0.05512402951717377,24,0.05902535993267189,0.7104931643063371,0.015996400055221537,0.05606973171234131,22,0.06127178557217121,0.7674476902931928,0.015947797847911716,0.05620794594287872,20,0.06317946294115649,0.8186586660643419,0.015545789980226092,0.054048518339792885,18,0.06487938552163541,0.8656911096186377,0.016339647641871125,0.05904047563672066,16,S2_lambda_u,u0100
200,0.04201549470890313,0.35022649392485616,0.01306642364070285,0.03652367368340492,320,0.04738769996911287,0.4461971379816532,0.014044413707839947,0.04204396953185399,120,0.05055263768881559,0.512916499376297,0.013796356681268662,0.04111241549253464,40,0.05456088110804558,0.6005911385190899,0.013889662471824679,0.042320175417538346,29,0.05772507993074564,0.678619751563439,0.013872065402280826,0.042257526746163,26,0.06018286974479755,0.7379014833519856,0.01413874258287251,0.04438464343547821,24,0.06166871975768696,0.7761399082162164,0.014238968745551327,0.044946017590436066,22,0.06282491348683834,0.8059495344758034,0.014587623812258244,0.04630551636219025,20,0.06374318276842435,0.8268096794684728,0.014249795892586311,0.044845518138673574,18,0.06456024665385485,0.8429367658682168,0.014959097257815301,0.04901079460978508,16,S2_lambda_u,u0500
200,0.04052923591807485,0.33242227975279093,0.015700572598143482,0.05309989247471094,320,0.04374402134368817,0.38393009876211487,0.01683137461853524,0.06047504395246506,120,0.04542971011251211,0.40764149874448774,0.016354554705321787,0.05847354382276535,40,0.048719232837701666,0.46778896759296285,0.016548435942366206,0.06109242398163368,29,0.05110692519408006,0.5157021639438776,0.016354772047354624,0.05880295313321627,26,0.053727183025330305,0.5692056976258755,0.01684961875434965,0.06275985638300578,24,0.05603658678856763,0.6205973367799412,0.017156140667132357,0.0639120719649575,22,0.05834670923650265,0.6716391518712044,0.017017683666199445,0.06324050426483155,20,0.06010942885445224,0.7180125324262513,0.01661508758034971,0.06066843536165026,18,0.06199741503223777,0.7663834718987346,0.01731277268845588,0.06645046174526215,16,S3_forecast_loss,cos
200,0.041743810469051824,0.35721786227077246,0.010708593421441037,0.025054230727255343,320,0.047449051433553296,0.5080795387427012,0.011535645710925262,0.02873339056968689,120,0.05024256333708763,0.6293802306056022,0.011452573025599122,0.028671979904174805,40,0.052375995008082224,0.7329167214960888,0.011761772398162505,0.03139991801360558,29,0.05394479761329981,0.7982424887327048,0.011545096398689426,0.02998772034278283,26,0.05537771930297216,0.845527347487708,0.012032822996843606,0.03320867568254471,24,0.056087855926968834,0.869920055297288,0.012210111176087097,0.033665562217885796,22,0.05629865303635597,0.8880120446905494,0.01257540627848357,0.03475002944469452,20,0.05669360876911216,0.9027704819002085,0.012013809703704383,0.031737456719080605,18,0.05684074340388179,0.9056177884340286,0.012428057205397636,0.035025376826524734,16,S3_forecast_loss,l1
200,0.04234957229928114,0.3666967909783125,0.01161037623824086,0.02914676144719124,320,0.04743261359011133,0.45840571001172065,0.01237358854074652,0.03315312266349792,120,0.04914760673418641,0.4977400742471218,0.012069879134651273,0.031791315972805025,40,0.05267878904424865,0.5740386617594752,0.012254279106855392,0.03365730622719074,29,0.05652565294160293,0.6601083158300474,0.011946059584331054,0.03185020272548382,26,0.060089093477775656,0.7401479166001081,0.012472372773724297,0.03467842688163122,24,0.06268526088785041,0.7999192455952818,0.01270985704931346,0.03589872338555076,22,0.06430775001645088,0.8449867688119411,0.012979802209883928,0.0366227924823761,20,0.06548427376482222,0.8788101103984647,0.012306698106436266,0.03325177232424418,18,0.06668524304404855,0.9054813827387989,0.012963024957571179,0.03653077781200409,16,S3_forecast_loss,l1cos
200,0.04398635191610083,0.3857629423029721,0.01273622644803254,0.03518901914358139,320,0.04633449145282308,0.42877210130294163,0.01376652098648871,0.04082909872134526,120,0.048447804804891345,0.4731764756143093,0.013431115238927305,0.03985413908958435,40,0.052216571209759546,0.5584008796461697,0.013715749076599705,0.042532536490210174,29,0.055716158249057256,0.6449259450802436,0.013302095288124222,0.039742462910138644,26,0.058899478210757174,0.7226585069050392,0.013905164902098477,0.043097938100496926,24,0.06143849156796932,0.7800105254758488,0.014230278235944834,0.045266790823502975,22,0.06326566357165575,0.8233414433896542,0.014450912922620773,0.045603027939796446,20,0.06462798515955608,0.8555232501692243,0.013814842069728507,0.04196523626645406,18,0.06566680176183581,0.879320310195908,0.014441373525187373,0.04644179716706276,16,S4_encoder,frozen
200,0.041841423878213393,0.35971692139282824,0.014039319615403657,0.04503918942064047,320,0.04412147824962934,0.39595706164836886,0.01465937631049504,0.046419274310270944,120,0.044176537077873945,0.395119409263134,0.013501274026930332,0.03809628188610077,40,0.0465305690364591,0.43473574005324267,0.014010378801874045,0.04085349831087836,29,0.050780681606668696,0.5102759393361899,0.013720324979378628,0.03891408901948195,26,0.05580390493075053,0.6146370346347491,0.013192079844884574,0.03619621445735296,24,0.06065160171552138,0.7259505614638329,0.013653003610670567,0.039076249707828865,22,0.06424273308366538,0.8156279105693102,0.011958731850609184,0.030274760723114014,20,0.06692217662930489,0.8861450147297647,0.011450031410074897,0.030672725703981187,18,0.06864657951518893,0.9315516335191205,0.01264601107686758,0.03344472125172615,16,S4_encoder,ftuned
200,0.04289957451401279,0.3692455967888236,0.014126480695267674,0.04252996277064085,320,0.04731375522290667,0.44784480755527817,0.015126764588057996,0.04894241491953532,120,0.04879948636516929,0.47748305201530455,0.014691399969160556,0.04736903607845307,40,0.05212239137497442,0.5487899019800383,0.015052806618141717,0.05025562335704935,29,0.05634280279851877,0.6407847627997398,0.014995308592915535,0.04924289767558758,26,0.06104709301143885,0.7427999411399165,0.015519960317760706,0.052811041474342346,24,0.06479090519926765,0.8301043745807626,0.015590434766967188,0.052798095074566925,22,0.06757554281502962,0.8951959350146353,0.015680317766964436,0.05343884229660034,20,0.06946204726894696,0.9427506171373857,0.015385277931474976,0.051522142357296415,18,0.07079103030264378,0.97862351720687,0.016010323306545615,0.056972991675138474,16,S5_init,identity
200,0.012813659709354396,0.03545885067433119,0.012788876188278665,0.03532627057284117,320,0.013852977826415251,0.04096062531073888,0.013792925331896792,0.04061640401681264,120,0.013611425878480077,0.04042546898126602,0.01352881754282862,0.03996981680393219,40,0.013784415843286392,0.042396189837620175,0.013689359425213831,0.041786358274262525,29,0.013920654972585348,0.04236034475840055,0.01380514303365579,0.04167534754826473,26,0.014157914983419081,0.04490078488985697,0.014012259625208875,0.04390898843606313,24,0.014282160142267292,0.045460015535354614,0.014130770482800224,0.044312135739759964,22,0.014693247945979237,0.04740681052207947,0.014516728674061596,0.0461526483297348,20,0.014445594149745174,0.04521881871753269,0.014191310852766037,0.04388760858111911,18,0.015214305080007762,0.050680480897426605,0.014943865942768753,0.04906893149018288,16,S5_init,noresidual
200,0.04516723700799048,0.41744062434881923,0.011733539529086557,0.02988967876881361,320,0.05137290833517909,0.5393644198775291,0.012682249823895594,0.03435187687476476,120,0.05436007119715214,0.6049595847725868,0.012488538469187915,0.03381216526031494,40,0.05704142744171208,0.6676106833178421,0.012693392016507429,0.03665991281640941,29,0.059132290860781304,0.7141649814752432,0.012471920882280055,0.034839160167253934,26,0.06049348165591558,0.7502761284510294,0.013118619836556414,0.038394140700499214,24,0.06156332723119042,0.7749527056108821,0.013248412234877998,0.0388524667783217,22,0.06232973355799913,0.7941379562020302,0.013418122380971908,0.03949509561061859,20,0.06286952189273304,0.8102091766066022,0.012824916125585636,0.03621797760327657,18,0.06340227439068258,0.8275629733689129,0.013376289512962103,0.03972066566348076,16,S5_init,random
200,0.015815726114669814,0.05284139458090067,0.01579439367633313,0.05269958898425102,320,0.017132450228867432,0.061583045621713,0.017000211247553427,0.060645935436089836,120,0.01735870351549238,0.06364950239658355,0.017106965510174633,0.061683614552021024,40,0.01784307159611891,0.06928662185011239,0.017146956368253148,0.0648376962234234,29,0.018501421759048335,0.07339140314322251,0.01733592227817728,0.06471890211105347,26,0.019613478682003915,0.08204369246959686,0.017734016990289092,0.06787625700235367,24,0.020578339441933415,0.0888138169592077,0.01777358149940317,0.06782583756880327,22,0.021739417500793935,0.09847763776779175,0.01816856092773378,0.07072449028491974,20,0.023252711734837957,0.1116624375184377,0.017816952688412532,0.06919909516970317,18,0.025219884351827204,0.12797895446419716,0.018466732930392027,0.07276367023587227,16,S6_schedule,ep150
200,0.01542467990075238,0.05012148339301348,0.015401269512949511,0.049968501180410387,320,0.01665564957074821,0.05853509654601415,0.016502744696723918,0.05753645747900009,120,0.016549498401582242,0.058401156961917874,0.01634110710583627,0.056984727084636685,40,0.01681393744616673,0.06225730427380266,0.016384439253858452,0.059825346387665845,29,0.017360956873744726,0.06441386387898372,0.016674173458550986,0.05975087101642902,26,0.01844143068107466,0.07091800620158513,0.017183457772868376,0.06272499014933904,24,0.019278572406619787,0.07841818170113997,0.01745448092168028,0.06565770506858826,22,0.02020871383138001,0.08524175882339477,0.017761949775740506,0.06740058064460755,20,0.021298618521541357,0.09471495615111457,0.017583411704334948,0.06603114472495185,18,0.023354062344878912,0.11216995120048523,0.018506802967749536,0.07181393355131149,16,S6_schedule,ep300_cool
